ID_Producto,Nombre,Costo_Unitario,Stock_Actual,Stock_Mínimo,Total_Vendido,Venta_Promedio_Diaria,Días_Stock_Restante,Estado,Unidades_Para_Recuperar_Minimo,Costo_Reposición,Categoría,Ingreso_Total,Ingreso_Promedio_Diario,Exposición_Semanal_Ventas
P001,Coca Cola 2.25L,"$580,00",4,20,34,"0,67",6,URGENTE,16,"$9.280,00",Bebidas,"$28.900,00","$566,67","$3.966,67"
P002,Agua Mineral 500ml,"$190,00",35,15,47,"0,92",38,OK,0,"$0,00",Bebidas,"$15.040,00","$294,90","$2.064,31"
P003,Arroz Largo Fino 1kg,"$780,00",8,10,18,"0,35",23,OK,2,"$1.560,00",Almacén,"$21.600,00","$423,53","$2.964,71"
P004,Aceite Girasol 900ml,"$1.200,00",6,8,9,"0,18",34,OK,2,"$2.400,00",Almacén,"$16.200,00","$317,65","$2.223,53"
P005,Galletitas Oreo 117g,"$400,00",3,12,31,"0,61",5,URGENTE,9,"$3.600,00",Snacks,"$20.150,00","$395,10","$2.765,69"
P006,Yogur Entero 190g,"$290,00",14,10,21,"0,41",34,OK,0,"$0,00",Lácteos,"$10.080,00","$197,65","$1.383,53"
P007,Leche Entera 1L,"$480,00",7,15,47,"0,92",8,Atención,8,"$3.840,00",Lácteos,"$33.840,00","$663,53","$4.644,71"
P008,Jabón Líquido 750ml,"$700,00",11,8,11,"0,22",51,OK,0,"$0,00",Limpieza,"$12.100,00","$237,25","$1.660,78"
P009,Lavandina 1L,"$320,00",4,10,18,"0,35",11,Atención,6,"$1.920,00",Limpieza,"$9.900,00","$194,12","$1.358,82"
P010,Fideos Spaghetti 500g,"$560,00",16,10,16,"0,31",51,OK,0,"$0,00",Almacén,"$14.240,00","$279,22","$1.954,51"
P011,Detergente Magistral 500ml,"$620,00",9,8,10,"0,20",46,OK,0,"$0,00",Limpieza,"$9.800,00","$192,16","$1.345,10"
P012,Papel Higiénico x4,"$850,00",3,6,15,"0,29",10,Atención,3,"$2.550,00",Limpieza,"$20.250,00","$397,06","$2.779,41"
P013,Mermelada Frutilla 390g,"$680,00",12,8,7,"0,14",87,OK,0,"$0,00",Almacén,"$7.350,00","$144,12","$1.008,82"
P014,Atún al Natural 170g,"$490,00",5,8,11,"0,22",23,OK,3,"$1.470,00",Almacén,"$8.580,00","$168,24","$1.177,65"
P015,Manteca 200g,"$950,00",19,10,5,"0,10",194,OK,0,"$0,00",Lácteos,"$7.000,00","$137,25","$960,78"