Fecha,ID_Producto,Nombre,Categoría,Cantidad,Precio_Venta,Vendedor,Subtotal,Stock_Actual,Stock_Mínimo
2025-03-01,P001,Coca Cola 2.25L,Bebidas,12,"$850,00",Maxi,"$10.200,00",4,20
2025-03-01,P002,Agua Mineral 500ml,Bebidas,8,"$320,00",Maxi,"$2.560,00",35,15
2025-03-01,P003,Arroz Largo Fino 1kg,Almacén,5,"$1.200,00",Maxi,"$6.000,00",8,10
2025-03-02,P001,Coca Cola 2.25L,Bebidas,6,"$850,00",Maxi,"$5.100,00",4,20
2025-03-02,P004,Aceite Girasol 900ml,Almacén,4,"$1.800,00",Maxi,"$7.200,00",6,8
2025-03-02,P005,Galletitas Oreo 117g,Snacks,10,"$650,00",Maxi,"$6.500,00",3,12
2025-03-03,P003,Arroz Largo Fino 1kg,Almacén,3,"$1.200,00",Maxi,"$3.600,00",8,10
2025-03-03,P006,Yogur Entero 190g,Lácteos,9,"$480,00",Maxi,"$4.320,00",14,10
2025-03-03,P007,Leche Entera 1L,Lácteos,14,"$720,00",Maxi,"$10.080,00",7,15
2025-03-13,P006,Yogur Entero 190g,Lácteos,7,"$480,00",Maxi,"$3.360,00",14,10
2025-03-13,P013,Mermelada Frutilla 390g,Almacén,3,"$1.050,00",Maxi,"$3.150,00",12,8
2025-03-14,P003,Arroz Largo Fino 1kg,Almacén,4,"$1.200,00",Maxi,"$4.800,00",8,10
2025-03-14,P011,Detergente Magistral 500ml,Limpieza,6,"$980,00",Maxi,"$5.880,00",9,8
2025-03-16,P014,Atún al Natural 170g,Almacén,5,"$780,00",Maxi,"$3.900,00",5,8
2025-03-17,P004,Aceite Girasol 900ml,Almacén,2,"$1.800,00",Maxi,"$3.600,00",6,8
2025-03-17,P007,Leche Entera 1L,Lácteos,11,"$720,00",Maxi,"$7.920,00",7,15
2025-03-20,P012,Papel Higiénico x4,Limpieza,8,"$1.350,00",Maxi,"$10.800,00",3,6
2025-03-29,P002,Agua Mineral 500ml,Bebidas,13,"$320,00",Maxi,"$4.160,00",35,15
2025-04-02,P002,Agua Mineral 500ml,Bebidas,11,"$320,00",Maxi,"$3.520,00",35,15
2025-04-02,P008,Jabón Líquido 750ml,Limpieza,6,"$1.100,00",Maxi,"$6.600,00",11,8
2025-04-02,P009,Lavandina 1L,Limpieza,8,"$550,00",Maxi,"$4.400,00",4,10
2025-04-05,P005,Galletitas Oreo 117g,Snacks,13,"$650,00",Maxi,"$8.450,00",3,12
2025-04-05,P006,Yogur Entero 190g,Lácteos,5,"$480,00",Maxi,"$2.400,00",14,10
2025-04-05,P010,Fideos Spaghetti 500g,Almacén,7,"$890,00",Maxi,"$6.230,00",16,10
2025-04-08,P001,Coca Cola 2.25L,Bebidas,9,"$850,00",Maxi,"$7.650,00",4,20
2025-04-08,P007,Leche Entera 1L,Lácteos,10,"$720,00",Maxi,"$7.200,00",7,15
2025-04-08,P011,Detergente Magistral 500ml,Limpieza,4,"$980,00",Maxi,"$3.920,00",9,8
2025-04-10,P004,Aceite Girasol 900ml,Almacén,3,"$1.800,00",Maxi,"$5.400,00",6,8
2025-04-10,P012,Papel Higiénico x4,Limpieza,7,"$1.350,00",Maxi,"$9.450,00",3,6
2025-04-12,P003,Arroz Largo Fino 1kg,Almacén,6,"$1.200,00",Maxi,"$7.200,00",8,10
2025-04-12,P010,Fideos Spaghetti 500g,Almacén,9,"$890,00",Maxi,"$8.010,00",16,10
2025-04-12,P013,Mermelada Frutilla 390g,Almacén,4,"$1.050,00",Maxi,"$4.200,00",12,8
2025-04-14,P002,Agua Mineral 500ml,Bebidas,15,"$320,00",Maxi,"$4.800,00",35,15
2025-04-14,P008,Jabón Líquido 750ml,Limpieza,5,"$1.100,00",Maxi,"$5.500,00",11,8
2025-04-16,P005,Galletitas Oreo 117g,Snacks,8,"$650,00",Maxi,"$5.200,00",3,12
2025-04-16,P014,Atún al Natural 170g,Almacén,6,"$780,00",Maxi,"$4.680,00",5,8
2025-04-18,P007,Leche Entera 1L,Lácteos,12,"$720,00",Maxi,"$8.640,00",7,15
2025-04-18,P009,Lavandina 1L,Limpieza,10,"$550,00",Maxi,"$5.500,00",4,10
2025-04-20,P001,Coca Cola 2.25L,Bebidas,7,"$850,00",Maxi,"$5.950,00",4,20
2025-04-20,P015,Manteca 200g,Lácteos,5,"$1.400,00",Maxi,"$7.000,00",19,10